id,filename,width,height,bytes,sha256
seo,seo.png,1600,900,434619,03b3c54ca8f5ff2dfd51f9b24bce12e1abc2d1a06218f17d871efa14b61d500f
doyalist,doyalist.png,1600,900,441012,2d09d729edf3753cb8c21db8e91a51ca1ea1a4e45f4509cb24e12938298e5c25
hr,hr.png,1600,900,518496,c92e4c09fff98046aeeb27efdc552993ce2a4166cb5b99f23e402fcfa923f14e
kintai,kintai.png,1600,900,511869,4bf13e1d972602fc0be65c6035e75e777ec6864cf5292963bf0c3cbb434f6e3e
promane,promane.png,1600,900,445213,8aa4a30e08a2fefe99d73614b4bb2535c1c3a6236e7973e001f20f6923792cea
doyaslide,doyaslide.png,1600,900,428784,64b20b98748517486bb4a639b5c68da7e021c476d861239cbc45ea198d3798ed
cunning,cunning.png,1600,900,486070,9e74da2a7da9492c4b3456cddf50bb86cdbc95a28278cb3d0b2f664db38c520c
sfa,sfa.png,1600,900,506457,b0a49dee1d0e6e4b08e60a9d2fb6dca8d612ec65b175743ea15b8406a82b4202
shodan,shodan.png,1600,900,553652,6a52688e0128e57f007ec0c2b0c8abdd1c1df4eeea110bead4a9cf944e1af18e
aio,aio.png,1600,900,512041,8d70525775810bfe4306c66b9a012051528fb4b079006bfc3f024a89b4b70dab
adimage,adimage.png,1600,900,553007,d96e3f020aba3316b260bc2517386d68ef756848337c1a5ef0a21f8bb9b62df5
interview,interview.png,1600,900,425652,5cf5d7232dd9cb43c6dc3f0250c5fba1a04f876fd38e187236d9efd0fbd770a4
persona,persona.png,1600,900,392516,fa6f6c933cca3a743d24e730f8972e70ad741126f3683c939a799e3c8993e7e4
mensetsu,mensetsu.png,1600,900,609755,f284e40fc9f7e9f3afa143c266cecac200ee87bbadd7451c9b825dbbd3e0285d
quote,quote.png,1600,900,584048,c4b51609e2bac30b6dced4fbc678efbb332555ef062e8e8e7bb67efdf78dbd31
