service,file,kind,sourceHash,cacheReview,cacheEvidence,authBoundary,otherActorOrganization,invalidInput,missingUnavailableTimeout,clientResponseRecovery,paginationOrdering,getSideEffects,authenticatedRuntime,productionVerification
banner,src/app/api/banner/chat/route.ts,function,c4d38527c41f52ab21374caa0ce3adcb56cce0c0ec21b590f95a25fbdc52e512,heuristic-false-positive,"All recovery responses delegate to privateBannerTextJson, helper explicitly sets private no-store/Vary Cookie",pending,pending,pending,pending,pending,pending,pending,pending,pending
banner,src/app/api/banner/copy/route.ts,function,3d7e910f4987d841cee6524dcc2043e92d233bbff06d4b3b1ee3940aeca67633,heuristic-false-positive,"All recovery responses delegate to privateBannerTextJson, helper explicitly sets private no-store/Vary Cookie",pending,pending,pending,pending,pending,pending,pending,pending,pending
banner,src/app/api/banner/gallery/route.ts,function,4eb47892e9c510bc084f7d48b06a3013c7209602e52e4d40e57abec78645b156,pending,,pending,pending,pending,pending,pending,pending,pending,pending,pending
banner,src/app/api/banner/generate/route.ts,function,ff1f56df5bd6d3e241fa84270b1d3c85040325463e0672bf3afe8466a344aafc,heuristic-false-positive,GET returns constant405 method-not-allowed only,pending,pending,pending,pending,pending,pending,pending,pending,pending
banner,src/app/api/banner/history/image/route.ts,function,9e298acd20b3f1b7363dc028d94eb4e1d34f64a03732f7488a228002fa2c9349,heuristic-false-positive,"Personal image success explicitly private,no-store; error responses have no image/customer payload. Missing Vary alone is not a cache-storage vulnerability under no-store",pending,pending,pending,pending,pending,pending,pending,pending,pending
banner,src/app/api/banner/history/route.ts,function,093f6d9e922b48a381a9228778575c66bb7236a314c759ac0cc4d4b2b4b3f788,pending,,pending,pending,pending,pending,pending,pending,pending,pending,pending
banner,src/app/api/banner/history/thumb/route.ts,function,26d2d54847fcc6b17bf34532126417e0a54a482916739290d9c46156724f88f4,heuristic-false-positive,"All200/304 image responses explicitly private,no-store; cache key includes actor, ownership checked before cache read; error payloads no customer image",pending,pending,pending,pending,pending,pending,pending,pending,pending
banner,src/app/api/banner/image/route.ts,function,ee5d8d1cdaa2b259a37bc089c4afd1397d3f55e3b3c03a211a0dca3869e99368,pending,,pending,pending,pending,pending,pending,pending,pending,pending,pending
banner,src/app/api/banner/models/route.ts,function,4d9c4e052802688fc9f261c7c19c00047c07200f2e5dffafc72359ae56e1a448,pending,,pending,pending,pending,pending,pending,pending,pending,pending,pending
banner,src/app/api/banner/refine/route.ts,function,e577b8f5cd6d5d23d18fde6fcdd97216638993c981f169eb1ed8be8e62dfcbf9,pending,,pending,pending,pending,pending,pending,pending,pending,pending,pending
banner,src/app/api/banner/stats/route.ts,function,290d916025ce79d5e00dde2e0e7ac5641791606de14ba2b5af49011e4809e56a,pending,,pending,pending,pending,pending,pending,pending,pending,pending,pending
banner,src/app/api/banner/test/debug/route.ts,function,9f8bb97ea3d91c2f27c5395bfdbce00d15cc0c09ba5e184d1f05d2662a19f94f,pending,,pending,pending,pending,pending,pending,pending,pending,pending,pending
banner,src/app/api/banner/test/health/route.ts,function,775236ba5ea6122c208422e3f00a37d04c2d49a48a7aa53c3cb0be67d1ca4176,pending,,pending,pending,pending,pending,pending,pending,pending,pending,pending
banner,src/app/api/banner/test/image/[templateId]/route.ts,function,76959e34f2fd79398a5d8d02580f068f70c5aa66d852eab2fc074c040c529aad,pending,,pending,pending,pending,pending,pending,pending,pending,pending,pending
banner,src/app/api/banner/test/templates/cleanup/route.ts,function,57f75110b73ff0645c6f969f7b3064290bd79f0230cb98444e46a06790cc3beb,pending,,pending,pending,pending,pending,pending,pending,pending,pending,pending
banner,src/app/api/banner/test/templates/cleanup-non-nano/route.ts,function,6de2c5728a80c3eb88336b94c2b08548431bebcb2622e7bb02d151fd587a6cdf,pending,,pending,pending,pending,pending,pending,pending,pending,pending,pending
banner,src/app/api/banner/test/templates/clear/route.ts,function,9eda4c8c6ab1e94159d89ea4c8f15ed17b54a06854a2b45619b6592cf2330bf9,pending,,pending,pending,pending,pending,pending,pending,pending,pending,pending
banner,src/app/api/banner/test/templates/delete-branded/route.ts,function,eedf776578bcc1662bfcd6d0c87ca4f20d6d6800b8a486512ee0e4f8b8ae78ab,pending,,pending,pending,pending,pending,pending,pending,pending,pending,pending
banner,src/app/api/banner/test/templates/generate-v2/route.ts,function,04bb9966e431daa50eb777cd716783f0447432c7e4dc328899fcc1789a64fb0f,pending,,pending,pending,pending,pending,pending,pending,pending,pending,pending
banner,src/app/api/banner/test/templates/route.ts,function,813617827dc684150c4dd9ba889bc98a80579b6e6f306fcb5647c9c43c1b8981,pending,,pending,pending,pending,pending,pending,pending,pending,pending,pending
banner,src/app/api/banner/test/templates-minimal/route.ts,function,39e3d7b6b34b8e97cc61db8554a381cd80337943569182ee168839069c1e3957,pending,,pending,pending,pending,pending,pending,pending,pending,pending,pending
banner,src/app/api/banner/thumb/route.ts,function,613c2a0257218234a8fab66aae05775f3d3b46ad2dd2a118ae4610867aa07623,pending,,pending,pending,pending,pending,pending,pending,pending,pending,pending
seo,src/app/api/seo/articles/[id]/candidates/route.ts,function,79824f9a38cf3acd6f035a95ed1182dd0aca3ce214830bb6c7722ac9f5f67494,pending,,pending,pending,pending,pending,pending,pending,pending,pending,pending
seo,src/app/api/seo/articles/[id]/export/html/route.ts,function,9a7f78faa04c8f123bc02cf4cded94a5c81fe4c8871aa973476c3981b9a1dce2,pending,,pending,pending,pending,pending,pending,pending,pending,pending,pending
seo,src/app/api/seo/articles/[id]/export/json/route.ts,function,e7fd8e6700d1b1b2f45d55985a714cfb47a9d210754cab084700f2fb96b7d809,pending,,pending,pending,pending,pending,pending,pending,pending,pending,pending
seo,src/app/api/seo/articles/[id]/export/markdown/route.ts,function,4a1b38abe5b60f96ec4f05edb11bd04edea5c570ef5039b994298bf4d7121001,pending,,pending,pending,pending,pending,pending,pending,pending,pending,pending
seo,src/app/api/seo/articles/[id]/export/note/route.ts,function,158d00fdc4c32a35584b1b4e82a190fad79bf302d64e92581a35facf80c129ef,pending,,pending,pending,pending,pending,pending,pending,pending,pending,pending
seo,src/app/api/seo/articles/[id]/export/txt/route.ts,function,5b03368bd60f1fc49b1ef8ab1d245d0f6b078d16d209b87265e56d30095a90ac,pending,,pending,pending,pending,pending,pending,pending,pending,pending,pending
seo,src/app/api/seo/articles/[id]/route.ts,function,74a156503fc4216ecacf50a2a6434fcaed14bba4790f47e196e9020db6157521,pending,,pending,pending,pending,pending,pending,pending,pending,pending,pending
seo,src/app/api/seo/articles/route.ts,function,764de35f08ccf07f11db18ff733fed6aa9773c7c59c57d048cba90fecc1050f9,pending,,pending,pending,pending,pending,pending,pending,pending,pending,pending
seo,src/app/api/seo/entitlements/route.ts,function,f8a8f971bc494973635f4e66fa27df3d885d8c9b2ba151fbc9465f493808c54d,fixed-local9-full146-running-unpublished,seo-entitlements-cache-integrated-results.json; anonymous baseline public/max-age0; no customer leak proved,pending,pending,pending,pending,pending,pending,pending,pending,pending
seo,src/app/api/seo/images/[id]/route.ts,function,e656a4afea1a30479cb3acf9f7caa91c7052f49c5783bf14c2ff266162dd92c9,pending,,pending,pending,pending,pending,pending,pending,pending,pending,pending
seo,src/app/api/seo/jobs/[id]/route.ts,function,2ece661d4c3c51d925154e74fbc5ed2482018fdd48d02c9d31fdc9a2f2627761,pending,,pending,pending,pending,pending,pending,pending,pending,pending,pending
seo,src/app/api/seo/migrate-prompts/route.ts,function,2e59ea3440699b820135eced30356b84f7aec64ae1d59f2951e5ba21ee3a0280,pending,,pending,pending,pending,pending,pending,pending,pending,pending,pending
seo,src/app/api/seo/template/generate-thumbnails/route.ts,function,9ca426e60b7aaab48c0a77538a1c97181cf0e518b486424d926abb8e443b1f90,pending,,pending,pending,pending,pending,pending,pending,pending,pending,pending
seo,src/app/api/seo/template/image/category/[category]/route.ts,function,87e3d4ca07b0baec3a0b49c3047cca7902108c6b55d6e54dde71dfeb32b84ea5,pending,,pending,pending,pending,pending,pending,pending,pending,pending,pending
seo,src/app/api/seo/template/image/template/[templateId]/route.ts,function,6a3abe72dbb6c3804997eaf585012241d4c9a50d2c20f21aea54cc714258110f,pending,,pending,pending,pending,pending,pending,pending,pending,pending,pending
interview,src/app/api/interview/articles/[id]/route.ts,function,0c1d370e3d0bad0e8e23e1b36a67ff324344d99bff8cb4fc28fdfcddb43657ce,pending,,pending,pending,pending,pending,pending,pending,pending,pending,pending
interview,src/app/api/interview/articles/generate/route.ts,function,3af157c649827926f4faaebccb1451ebdad30dc259a7d5c488223b6378466128,pending,,pending,pending,pending,pending,pending,pending,pending,pending,pending
interview,src/app/api/interview/materials/[id]/route.ts,function,4087d3c1dd97c75ab8f146d783ae41bd4a436aff2485d169a86671d8fed3129c,pending,,pending,pending,pending,pending,pending,pending,pending,pending,pending
interview,src/app/api/interview/materials/[id]/transcribe-stream/route.ts,function,ac07f4ddd5eaff954770f187ca31a96ad1347a56451c880894d2642caec3565d,pending,,pending,pending,pending,pending,pending,pending,pending,pending,pending
interview,src/app/api/interview/projects/[id]/route.ts,function,7a3a517c294db4d0111b7fb21b00046adfc578df99f708328e9c8759c8f7635b,pending,,pending,pending,pending,pending,pending,pending,pending,pending,pending
interview,src/app/api/interview/projects/[id]/thumbnail/route.ts,function,82f810645ded0cfd25d022049ef9c34c63e6d44ed1b762f5f0708686fcbff2a2,pending,,pending,pending,pending,pending,pending,pending,pending,pending,pending
interview,src/app/api/interview/projects/route.ts,function,e3b8cfc61453adcf1e679ab516b206ec6163be075b7eb8801e9849e6ab4f4746,pending,,pending,pending,pending,pending,pending,pending,pending,pending,pending
interview,src/app/api/interview/recipes/[id]/route.ts,function,02ca950e3f02369fdde90959244fac5cc9f1b96a001b6e49042da8bd3b78e3de,pending,,pending,pending,pending,pending,pending,pending,pending,pending,pending
interview,src/app/api/interview/recipes/route.ts,function,3b62fbca9c67229d471e8c842dbcad26463ad8d6a61730052f5d685ee7e4f63e,pending,,pending,pending,pending,pending,pending,pending,pending,pending,pending
interview,src/app/api/interview/transcriptions/[id]/route.ts,function,9f4e23b60ba593bec418f451ead69f7d191e0f2062a5fb5ce5d1803af24714fc,pending,,pending,pending,pending,pending,pending,pending,pending,pending,pending
interview,src/app/api/interview/usage/route.ts,function,af8da38fa2c1657aa857736f1b16064dc7ec390b4e9b1a925e575042c21bc1ee,pending,,pending,pending,pending,pending,pending,pending,pending,pending,pending
persona,src/app/api/persona/banner/route.ts,function,279ea75c76b198d30e9047e90bba09d2a97802abc6c6f4bebeb7d835cf79ebd1,heuristic-false-positive,GET returns public BANNER_SIZES only; authentication import belongs to POST,pending,pending,pending,pending,pending,pending,pending,pending,pending
persona,src/app/api/persona/images/[id]/route.ts,function,a5b912531035150d9f9bcaca216ae147fc131e415fa104266a04cce8d8f427f7,pending,,pending,pending,pending,pending,pending,pending,pending,pending,pending
persona,src/app/api/persona/projects/[id]/route.ts,function,da3fc6216cf485fb4678e0974dda3a24e82e87be3584d2fae0c4067fcc9dd8af,pending,,pending,pending,pending,pending,pending,pending,pending,pending,pending
persona,src/app/api/persona/projects/route.ts,function,0972d6736e395a0035000b752d654ec74c7dec7822de9c22d51872ece01b7ded,pending,,pending,pending,pending,pending,pending,pending,pending,pending,pending
persona,src/app/api/persona/usage/route.ts,function,e9eb05c5efc0cf8ec1a0b570e167776650d470ed1f11ee65cfffa53d56661a86,pending,,pending,pending,pending,pending,pending,pending,pending,pending,pending
hr,src/app/api/hr/audit-logs/route.ts,function,9bbf01a273d93b176fcfa83b80feb6018055628175f50b637366b5777305444f,pending,,pending,pending,pending,pending,pending,pending,pending,pending,pending
hr,src/app/api/hr/dashboard/route.ts,function,30c3ca9bf5a3ce626867dd2ce5da9fe0169264fdfc8964c2b7a0cf759a6a3260,repaired-local149passed-actualNext17passed-production-anonymous-verified,dashboard-cache-release-8479b373-751b-44a8-96fe-a60acd0d4a69/state.json; personalized-cache-next-results.json; commit67e08f09,pending,pending,pending,pending,pending,pending,pending,pending,"commit67e08f09161a7e6ce850928d643bfb477e1d13a3 dpl_P1tzfo3rrSouQZN8joN9D47TEzjL CI success READY public4anonymous401/private,no-store/CookieVary; authenticated production unverified"
hr,src/app/api/hr/departments/route.ts,function,10c38c62958527fa206ac9df8bcc7568579803faa4fb05aa35c018a7d5124ee8,production-anonymous-private-headers-verified-at-8ecafb9c,"Full frozen150 and actual Next/auth/isolatedDB20 passed; CI37808579588 success and production dpl_3powrRPHoCtCo193kFu9YPhSo3BY READY. Three anonymous public GETs401 private,no-store and repeated Vary includes Cookie. No production customer cache-hit assertion.",pending,pending,pending,pending,Durable operation/server and actor-scoped settings source integrated locally. Candidate mounted31/hook24/native8/transport9/types6 and actualNext68 passed; fresh full176 running. Not production-complete.,Additional defect reproduced: actual current GET returns500 for valid5000-department chain; 50-depth control200. hr-department-deep-read-baseline.json. No production occurrence claim. Repair pending; settings/new/edit employee consumers all use this GET.,pending,Actual candidate Next68 (original53 +15 durable cases) and operationPG74 passed; fresh integrated full176 and actualNext68 recheck pending.,hr-kintai-additional-cache-public.json exact commit8ecafb9c366d7af397dee522fb4b5d309469af7e and deployment dpl_3powrRPHoCtCo193kFu9YPhSo3BY passed. Authenticated production customer execution not tested.
hr,src/app/api/hr/employees/[id]/route.ts,function,82da29a0bdcb94c2d882a5ab27c537133c3d8109255eb9f032995fe2f1a408eb,pending,,pending,pending,pending,pending,pending,pending,pending,pending,pending
hr,src/app/api/hr/employees/route.ts,function,3b1d22c3d1ab90ce768bde08b8051da33f4f7a4a0d26ac27157403cb976b5992,pending,,pending,pending,pending,pending,pending,pending,pending,pending,pending
hr,src/app/api/hr/evaluations/[id]/route.ts,function,6aff1c77fcefd951ec3a9b5f1a2cc7cc0a7c717551cc01d1c9ece9d5c8d95f17,pending,,pending,pending,pending,pending,pending,pending,pending,pending,pending
hr,src/app/api/hr/evaluations/periods/[id]/route.ts,function,857a01a2c0f90538eb015d2cd50bc342076f9de5d8d94c1129dc2d2f5755ca88,pending,,pending,pending,pending,pending,pending,pending,pending,pending,pending
hr,src/app/api/hr/evaluations/periods/route.ts,function,cb40fe6f6271dd909f4d88fa950c59d71630dd0448d5efe5df1dcd7eb4f08fd7,pending,,pending,pending,pending,pending,pending,pending,pending,pending,pending
hr,src/app/api/hr/evaluations/route.ts,function,49d63ab31c9b64bfd0f06fe98db5d9951386719f12594ee346c8e784014c6091,pending,,pending,pending,pending,pending,pending,pending,pending,pending,pending
hr,src/app/api/hr/one-on-one/[id]/route.ts,function,139a9d37b6c5fb7befa166a54c14a4b11803320d1306fe65e13bb1c89db7f16b,pending,,pending,pending,pending,pending,pending,pending,pending,pending,pending
hr,src/app/api/hr/one-on-one/route.ts,function,b197b5e4a58361f950ee059df3b4f6bde1208a2f2a5f6114734db7215b0e3838,pending,,pending,pending,pending,pending,pending,pending,pending,pending,pending
hr,src/app/api/hr/org-chart/route.ts,function,0e4c3c2057b547eac64935070c39efa908167e855a3367506d47824ea0844b41,production-anonymous-private-headers-verified-at-7b744688,"Exact CI37813788368 success; READY dpl_GbUfW9LsEEVVZKH3b6vEUrPoqKif; public legacy/paged401 private,no-store and VaryCookie verified. Full156 and actualNext38 separate synthetic authenticated proof. No customer cache-hit assertion.","Actual Next38 synthetic sessions: anonymous/revoked401, inactive/unknown roles denied, MEMBER self/unlinked and MANAGER scope verified. Actual Google OAuth and customer execution not tested.",Actual Next38 two organizations: original25 legacy reads retained and paged foreign-organization cursor409. Isolated PG18 stale membership/employee-association rechecks. No production customer read.,"RealPG18 malformed/ambiguous cursor requests rejected; boundary31 enforces shape/status/types/duplicate/totals and bounded UTF8 body. Valid long names/URLs retained, verified through actual Next38.","Boundary31 deterministic fetch/body deadlines, abort cleanup and stalled-stream checks; mounted14/native10 retry/login recovery. Production network interruption not reproduced.","Mounted14 and native Chrome10: actor/session guards, retry/login, loading/progress, truthful help, unassigned employees and all2000 members accessible. Synthetic auth/HTTP only; actual Next38 separately proves API/DB.","Full156 passed. RealPG18: all10001 Enterprise employees/201 pages, consistent revisions and no domain writes; actual Next38 all2002/41 pages and complete >1MiB chart. Original28 boundaries plus3 long-field cases retained.",Actual Next38/realPG18 domain-row snapshots unchanged during GET traversal; auth session maintenance not covered by domain-only snapshot claim. No production DB writes.,Actual Next/auth/session adapter/full-schema isolated PostgreSQL38 passed with clean server and DB shutdown/removal; synthetic actors only.,hr-org-chart-pagination-public.json exact7b7446881650b2627c0d907f01fe6d2e5e1784b0/dpl_GbUfW9LsEEVVZKH3b6vEUrPoqKif passed; 24 exact-deployment JS assets928314bytes and paged/recovery markers. No real OAuth/customer execution.
hr,src/app/api/hr/organization/invite/[token]/route.ts,function,439a5ece767e0f7c887a6d65d51db418de24f64ddb89931ce480568cefe7c41d,pending,,pending,pending,pending,pending,pending,pending,pending,pending,pending
hr,src/app/api/hr/organization/members/route.ts,function,0b85df7d3d49e9e43a52293b74199cec281931869398288b641b2439e44ab979,pending,,pending,pending,pending,pending,pending,pending,pending,pending,pending
hr,src/app/api/hr/organization/route.ts,function,828bae7a72ec4bb0fd0873a3aa1112e739ef83164f8c58795ce1441b9c053e22,repaired-local149passed-actualNext17passed-production-anonymous-verified,dashboard-cache-release-8479b373-751b-44a8-96fe-a60acd0d4a69/state.json; personalized-cache-next-results.json; commit67e08f09,pending,pending,pending,pending,pending,pending,pending,pending,"commit67e08f09161a7e6ce850928d643bfb477e1d13a3 dpl_P1tzfo3rrSouQZN8joN9D47TEzjL CI success READY public4anonymous401/private,no-store/CookieVary; authenticated production unverified"
hr,src/app/api/hr/photos/[...path]/route.ts,function,9557f37cc240f2ec7265ee0ab8be2628e1dfce4717276251b5abc0d28ed374f0,pending,,pending,pending,pending,pending,pending,pending,pending,pending,pending
hr,src/app/api/hr/settings/route.ts,function,b7d132d1688cea4747a7d765408e5c327e3b004fdb880881e53eb1e70dd04fbd,repaired-local149passed-actualNext17passed-production-anonymous-verified,dashboard-cache-release-8479b373-751b-44a8-96fe-a60acd0d4a69/state.json; personalized-cache-next-results.json; commit67e08f09,pending,pending,pending,pending,pending,pending,pending,pending,"commit67e08f09161a7e6ce850928d643bfb477e1d13a3 dpl_P1tzfo3rrSouQZN8joN9D47TEzjL CI success READY public4anonymous401/private,no-store/CookieVary; authenticated production unverified"
hr,src/app/api/hr/usage/route.ts,function,3c87fdd9f88255c453b110b5b661b2576923359d1233a337fcc070fc1a380ab4,pending,,pending,pending,pending,pending,pending,pending,pending,pending,pending
kintai,src/app/api/kintai/attendance/admin/route.ts,function,442b346e6a06cdfd59d60be7f52ca37e1574244eff00897699981d86f9fb1927,pending,,pending,pending,pending,pending,pending,pending,pending,pending,pending
kintai,src/app/api/kintai/attendance/export/route.ts,function,03d2dcb027b266983dc53c1fec057841508f5ac2ca6e3e28fd0a6543c2425042,pending,,pending,pending,pending,pending,pending,pending,pending,pending,pending
kintai,src/app/api/kintai/attendance/route.ts,function,2fe13517d403abe88e9d9bbffa762c2cfa94400751a9139101a44995e7b54a61,pending,,pending,pending,pending,pending,pending,pending,pending,pending,pending
kintai,src/app/api/kintai/clock/route.ts,function,82c0f3183464c7c4d2351f32a2024393049237c85a60ab676553035651c4548e,pending,,pending,pending,pending,pending,pending,pending,pending,pending,pending
kintai,src/app/api/kintai/dashboard/route.ts,function,9385a7a9beb32fa973cad7347d97394d930e1f72f2218d204a708ff21fe99b64,repaired-local149passed-actualNext17passed-production-anonymous-verified,dashboard-cache-release-8479b373-751b-44a8-96fe-a60acd0d4a69/state.json; personalized-cache-next-results.json; commit67e08f09,pending,pending,pending,pending,pending,pending,pending,pending,"commit67e08f09161a7e6ce850928d643bfb477e1d13a3 dpl_P1tzfo3rrSouQZN8joN9D47TEzjL CI success READY public4anonymous401/private,no-store/CookieVary; authenticated production unverified"
kintai,src/app/api/kintai/departments/route.ts,function,3c70e0ec4c917a4473c750af6f15a0fbb1c8ad2be56c78c4939b22a8bed9ef84,production-anonymous-private-headers-verified-at-8ecafb9c,"Full frozen150 and actual Next/auth/isolatedDB20 passed; CI37808579588 success and production dpl_3powrRPHoCtCo193kFu9YPhSo3BY READY. Three anonymous public GETs401 private,no-store and repeated Vary includes Cookie. No production customer cache-hit assertion.",pending,pending,pending,pending,pending,pending,pending,"Actual Next/auth/isolated full-schema PostgreSQL20 cases with two organizations/actors, inactive/unknown-role/revoked sessions and all domain rows unchanged per GET. Synthetic accounts; no actual production customer data.",hr-kintai-additional-cache-public.json exact commit8ecafb9c366d7af397dee522fb4b5d309469af7e and deployment dpl_3powrRPHoCtCo193kFu9YPhSo3BY passed. Authenticated production customer execution not tested.
kintai,src/app/api/kintai/employees/[id]/route.ts,function,be7eb92a1651f1ee2910acc9d6f5490c3a77d0267f93d314f68939b4b14c00bf,pending,,pending,pending,pending,pending,pending,pending,pending,pending,pending
kintai,src/app/api/kintai/employees/route.ts,function,d778ee6f5494341c4bf96fc71774ae1580334f51daa04181f59d04e85ab63f8e,pending,,pending,pending,pending,pending,pending,pending,pending,pending,pending
kintai,src/app/api/kintai/invite/[token]/route.ts,function,e4c2f5e9cbdef6c74632e517d17c53ecda094ef892fda2dcaa6919969566b9e5,pending,,pending,pending,pending,pending,pending,pending,pending,pending,pending
kintai,src/app/api/kintai/requests/[id]/route.ts,function,98d7736843bce1cee7e886390bb80e9dde342f4b3627f5ed3d511a0dd70ecd10,pending,,pending,pending,pending,pending,pending,pending,pending,pending,pending
kintai,src/app/api/kintai/requests/route.ts,function,3662153b2472c7cd044f791813dae21a3d80cfb9f1bc1b56c9eb8d2a80e161a9,pending,,pending,pending,pending,pending,pending,pending,pending,pending,pending
kintai,src/app/api/kintai/usage/route.ts,function,204c22608118492cfe5826e14116513b8e0a7db49fe2191b79f79785e9309c9c,pending,,pending,pending,pending,pending,pending,pending,pending,pending,pending
kintai,src/app/api/kintai/work-rules/operations/[operationId]/route.ts,variable-wrapper,3d802ed019ede2ae6f3b11ba784f9c4108dc171c8787030540df3cb6884c2a53,pending,,pending,pending,pending,pending,pending,pending,pending,pending,pending
kintai,src/app/api/kintai/work-rules/route.ts,function,b6cf0bb4d1ccc30c857cc9ed55e9fde3c20562476d8f79bb99d39708910cce19,pending,,pending,pending,pending,pending,pending,pending,pending,pending,pending
doyalist,src/app/api/doyalist/approaches/route.ts,function,f59b0595c6d932301f493a96087056ebc86dc0343735173ce581f0cc17c4c98e,pending,,pending,pending,pending,pending,pending,pending,pending,pending,pending
doyalist,src/app/api/doyalist/export/route.ts,function,8f9a4453e82ea699ae117652aa2a225d0a44d2235a0942661720ad1cc68520c6,pending,,pending,pending,pending,pending,pending,pending,pending,pending,pending
doyalist,src/app/api/doyalist/export-all/route.ts,function,e611f95c2db384f8267d02660ba8ff3c5c32c5c1e3c5a9a39e38ebc4a0504379,pending,,pending,pending,pending,pending,pending,pending,pending,pending,pending
doyalist,src/app/api/doyalist/operations/route.ts,variable-wrapper,e90758a21eadbeb2f3a0592621a3e1188f2af8e0c60a1e9dcfb026ceb4e6c24b,pending,,pending,pending,pending,pending,pending,pending,pending,pending,pending
doyalist,src/app/api/doyalist/projects/[id]/route.ts,function,89a8c0f710ea899d9ea1fdf48b621fe56f9995f45f701305c804b68b75f83002,pending,,pending,pending,pending,pending,pending,pending,pending,pending,pending
doyalist,src/app/api/doyalist/projects/route.ts,function,8b72a474de245ed62702e69cf9283fc9ee32c803c5dbb0235fd121ddc02f76a8,pending,,pending,pending,pending,pending,pending,pending,pending,pending,pending
doyalist,src/app/api/doyalist/usage/route.ts,function,5c1c64e970af01577f63c848c1f893a1ddd9cfc6cf404f8312e65451a37bc6e0,pending,,pending,pending,pending,pending,pending,pending,pending,pending,pending
promane,src/app/api/promane/clients/route.ts,function,fd05a6cb2fd3340e7a5e460ecb6e9c07ad695f7e93da58a023370ba3a5703a90,pending,,pending,pending,pending,pending,pending,pending,pending,pending,pending
promane,src/app/api/promane/expenses/route.ts,function,5e2deedee77a672b3916938a2bd71f1d792652dd38ff4148707ef7cd86cc5e9a,pending,,pending,pending,pending,pending,pending,pending,pending,pending,pending
promane,src/app/api/promane/invitations/route.ts,function,626247543254cadf133c3ae94b33da6440e132f3133a084b473f8b533752a163,pending,,pending,pending,pending,pending,pending,pending,pending,pending,pending
promane,src/app/api/promane/invite/[token]/route.ts,function,636e2eef218f130eb536b37529dba1adf96cb6d4e53d0f32bdfb379d3fc56f9e,pending,,pending,pending,pending,pending,pending,pending,pending,pending,pending
promane,src/app/api/promane/usage/route.ts,function,14cbf75bdec705f9b3dea9a9b275c37f2e71d67bc8a2991b41dafec629a3ca58,pending,,pending,pending,pending,pending,pending,pending,pending,pending,pending
promane,src/app/api/promane/workspaces/route.ts,function,14e2596d5811371ebb5709b5fac5306dbe4c19087412fc4db1041b9d96a7a6f1,pending,,pending,pending,pending,pending,pending,pending,pending,pending,pending
doyaslide,src/app/api/doyaslide/analyze/route.ts,function,b2e1d6ad3abf1fa8dc93a9d9ce2b132933a2a7f455874d2f2c48e7d581d9ebfe,pending,,pending,pending,pending,pending,pending,pending,pending,pending,pending
doyaslide,src/app/api/doyaslide/export/route.ts,function,360f46d20853b4a886d107b58357770cf6b416029795d5408a2b53aac9ee3c48,pending,,pending,pending,pending,pending,pending,pending,pending,pending,pending
doyaslide,src/app/api/doyaslide/operations/route.ts,function,894e90bd2fe9820a59adceff3918d1c4ac4c14bbc6d3a32e1ee1a961a22ee702,pending,,pending,pending,pending,pending,pending,pending,pending,pending,pending
doyaslide,src/app/api/doyaslide/projects/[id]/route.ts,function,9527ac7c7d208588b62132fb7df3224afc68995b5b610494245d50e6d9077dd4,pending,,pending,pending,pending,pending,pending,pending,pending,pending,pending
doyaslide,src/app/api/doyaslide/projects/route.ts,function,1228c66f4d8c22cb06bea978169c9a03bf4d6a1db30202526dd4095a9a3dbaf7,pending,,pending,pending,pending,pending,pending,pending,pending,pending,pending
doyaslide,src/app/api/doyaslide/slides/[id]/revert/route.ts,function,4ee119efcfd9eda3bcb49eeaf498f4dda80f20eaa249e90ae34a90601f433dd1,pending,,pending,pending,pending,pending,pending,pending,pending,pending,pending
doyaslide,src/app/api/doyaslide/style-preview/route.ts,function,4a937c4d3dbdb73425dbdedf5fbbaf2c31c456956aabe2f94c7b17186d9eac0d,pending,,pending,pending,pending,pending,pending,pending,pending,pending,pending
doyaslide,src/app/api/doyaslide/usage/route.ts,function,d2264be6869c87a188c61e4faee5a1b94a571390c79de0e9f9002b788dc620f2,pending,,pending,pending,pending,pending,pending,pending,pending,pending,pending
cunning,src/app/api/cunning/company/route.ts,function,daf9638c3caf1c688bd84a2c949f81b960923e0e5f27444c7aab55e87eff8513,pending,,pending,pending,pending,pending,pending,pending,pending,pending,pending
cunning,src/app/api/cunning/knowledge/[id]/route.ts,function,5fc22cf04997daba1f260b532689e169704534f22c7742fd7714fb1249f065fa,pending,,pending,pending,pending,pending,pending,pending,pending,pending,pending
cunning,src/app/api/cunning/knowledge/route.ts,function,aee83cda5deec51e435823231bea09612779b2f079f113b41795a6e587e4ee09,pending,,pending,pending,pending,pending,pending,pending,pending,pending,pending
cunning,src/app/api/cunning/profiles/route.ts,function,a16d8ad5d86492696ff6d4ab508d197163fe9ef9693430e98de0017192cc62fa,pending,,pending,pending,pending,pending,pending,pending,pending,pending,pending
cunning,src/app/api/cunning/sessions/[id]/entries/route.ts,function,488e03fa29e17da224ae10b134f36a9bb07d71759f7599b8a6e23f7395abe9ec,pending,,pending,pending,pending,pending,pending,pending,pending,pending,pending
cunning,src/app/api/cunning/sessions/[id]/route.ts,function,f08c9690c3816166c1cea59e82f6945b2a000385691a9a3ad0052e6638e7ef95,pending,,pending,pending,pending,pending,pending,pending,pending,pending,pending
cunning,src/app/api/cunning/sessions/route.ts,function,fc2db35abd66a3290c3cb0ace081572bf46fde0ba572be49244d8ee25d3f3e7d,pending,,pending,pending,pending,pending,pending,pending,pending,pending,pending
cunning,src/app/api/cunning/usage/route.ts,function,38911a10fb0fdea400b7daf724d07669cd62656660ec515b3dc805e2d76f06da,pending,,pending,pending,pending,pending,pending,pending,pending,pending,pending
sfa,src/app/api/sfa/accounts/[id]/route.ts,function,62d3027357df83aa59b34fc7b523e615f7708318af1b7f11ac5cb0ab37377504,pending,,pending,pending,pending,pending,pending,pending,pending,pending,pending
sfa,src/app/api/sfa/accounts/route.ts,function,ffaf5ad4487b1bf45868ff5870b757f8be756e93bdd4c70df18f077fe0cbca15,pending,,pending,pending,pending,pending,pending,pending,pending,pending,pending
sfa,src/app/api/sfa/activities/route.ts,function,c82904660f399c873ca55e7354a53db06eafb2bdaf6854a98d9ef5dc257117b9,pending,,pending,pending,pending,pending,pending,pending,pending,pending,pending
sfa,src/app/api/sfa/ai/next-action/route.ts,function,595950f338ee11f95a6c3f664ac43db65543be8433e2e9fe83a4be6768872443,pending,,pending,pending,pending,pending,pending,pending,pending,pending,pending
sfa,src/app/api/sfa/ai/score/route.ts,function,d8b8f814587cbd18624dd81eb4a85f3f076e249bf0eb3fb4b85ee5a90827eef2,pending,,pending,pending,pending,pending,pending,pending,pending,pending,pending
sfa,src/app/api/sfa/contacts/[id]/route.ts,function,862a4f3e4322f255a8f71ffa427a95a2697fa478f38664136ed23e69d078c2ac,pending,,pending,pending,pending,pending,pending,pending,pending,pending,pending
sfa,src/app/api/sfa/contacts/route.ts,function,23c2e7690ff1577162ff7c45392e640cfe929bd4ff32a0f04f4b1d005b310bde,pending,,pending,pending,pending,pending,pending,pending,pending,pending,pending
sfa,src/app/api/sfa/deals/[id]/route.ts,function,fe53b700176303f011d307f1f887b61e5417f6d57c1b01f61b49976d555face9,pending,,pending,pending,pending,pending,pending,pending,pending,pending,pending
sfa,src/app/api/sfa/deals/route.ts,function,85a9ce07bc0a8dad753cbc3610936e70704995bf5e70f6e8b3863cecd87f5969,pending,,pending,pending,pending,pending,pending,pending,pending,pending,pending
sfa,src/app/api/sfa/export/route.ts,function,0d81163fc42822b1df0ec235d43a3ce06782082bc62bbe4aa942b84aa7125085,pending,,pending,pending,pending,pending,pending,pending,pending,pending,pending
sfa,src/app/api/sfa/invite/[token]/route.ts,function,100250309db35df0a9e460ae74ec2dcee62156d332dc3fa3cebfc4e5c36636b0,pending,,pending,pending,pending,pending,pending,pending,pending,pending,pending
sfa,src/app/api/sfa/leads/[id]/convert/route.ts,function,061ada7ae29b919ff17c3f92863e8b5c55b3010732b3f10c43ee73e66799103c,pending,,pending,pending,pending,pending,pending,pending,pending,pending,pending
sfa,src/app/api/sfa/leads/[id]/route.ts,function,cb50dda81c788066326f1194f344d1c07b19dac3129545a7c050da87cf2624ac,pending,,pending,pending,pending,pending,pending,pending,pending,pending,pending
sfa,src/app/api/sfa/leads/import/route.ts,function,4dcc0a193f8b7e61a77da636e524991e41fc5ea611065e6e79488ac87950c316,pending,,pending,pending,pending,pending,pending,pending,pending,pending,pending
sfa,src/app/api/sfa/leads/route.ts,function,4f8a887b3b6a34560d78c6cc123aa01d5aaad00b1f44b4862e193ad84f40f9a4,pending,,pending,pending,pending,pending,pending,pending,pending,pending,pending
sfa,src/app/api/sfa/members/route.ts,function,37ef87c09035d61f0de752ffaf77cd1df11862802a48c120a250f2b615e1c766,pending,,pending,pending,pending,pending,pending,pending,pending,pending,pending
sfa,src/app/api/sfa/summary/route.ts,function,b0da9828d4ce488d88e6367f2f709e10cc3b4a7c26a0c54b412d508aa103f575,heuristic-false-positive,Authenticated summary200 and error503 explicitly Cache-Control no-store;401 contains only generic auth reason,pending,pending,pending,pending,pending,pending,pending,pending,pending
sfa,src/app/api/sfa/tasks/[id]/route.ts,function,240319dfe3b340c10a5d9ef70d1053145f8656365b1f77d8bbbd7c65fd87ae64,pending,,pending,pending,pending,pending,pending,pending,pending,pending,pending
sfa,src/app/api/sfa/tasks/route.ts,function,d21fb4e0d992a3a32720e70decb470ec1cb2619f48ef328487f3cad58de7b273,pending,,pending,pending,pending,pending,pending,pending,pending,pending,pending
sfa,src/app/api/sfa/usage/route.ts,function,751a01cca04ee0f41729b5b9d7ab0f002764224fbaa373de627d09ad7d98847a,heuristic-false-positive,Both successful context/membership responses explicitly Cache-Control no-store; absence of private/Vary alone does not permit compliant cache storage,pending,pending,pending,pending,pending,pending,pending,pending,pending
shodan,src/app/api/shodan/company-profile/route.ts,function,fe6dd9c7aa91fa858d989a6acf142c0ea073d0c575cb4646b04ac5165c622e24,pending,,pending,pending,pending,pending,pending,pending,pending,pending,pending
shodan,src/app/api/shodan/invite/[token]/route.ts,function,1e95e7057c85edaa05ff721dde1e78dab4e198f58314f087cb88c00e5bb6261d,pending,,pending,pending,pending,pending,pending,pending,pending,pending,pending
shodan,src/app/api/shodan/me/route.ts,function,98da33b70713256d71c3514d5e564dbe089a3079b4dcf95c88678b4582baa5ac,pending,,pending,pending,pending,pending,pending,pending,pending,pending,pending
shodan,src/app/api/shodan/members/route.ts,function,14498bc998d6c943d55028ee538da99cee7652e5c1c733505a0323d1aa71b989,pending,,pending,pending,pending,pending,pending,pending,pending,pending,pending
shodan,src/app/api/shodan/preparations/[id]/route.ts,function,426ab461f6d40b1f9e9bce96ed8ced5fb84c4b14a854dba44c45c8cce0fc689e,pending,,pending,pending,pending,pending,pending,pending,pending,pending,pending
shodan,src/app/api/shodan/preparations/route.ts,function,47b7311269fb7fda0af074f0503acdcc2f50049f5792aa38a9777ec499de222e,pending,,pending,pending,pending,pending,pending,pending,pending,pending,pending
aio,src/app/api/aio/brand-profile/route.ts,function,f753e402e8fd68299d6d84b044ad79814cfe9fb448bc33e24f3c13e8b2a22fb2,pending,,pending,pending,pending,pending,pending,pending,pending,pending,pending
aio,src/app/api/aio/invite/[token]/route.ts,function,a38b737ded470d1f80006fc9444f0322fcfd13dc19c4a40059ab765cee87cb1b,pending,,pending,pending,pending,pending,pending,pending,pending,pending,pending
aio,src/app/api/aio/me/route.ts,function,f52167e37b1279b867460947b6fedea69d9a1f2221d3b6ddc3981e536ec30de1,pending,,pending,pending,pending,pending,pending,pending,pending,pending,pending
aio,src/app/api/aio/members/route.ts,function,d592c92f8347ae01edd1314e6a640dd9486fbcc1360e0926c55b1ae40c486c29,pending,,pending,pending,pending,pending,pending,pending,pending,pending,pending
aio,src/app/api/aio/prompts/route.ts,function,90d15503241e16c3793105daa15c56ccdccbc546f89e71da0c3a64170c6153d8,pending,,pending,pending,pending,pending,pending,pending,pending,pending,pending
aio,src/app/api/aio/quick-start/route.ts,variable-wrapper,ac24731343dd957ad335a6f215efcd0d68e414c40b12d182fc425c72f2575241,pending,,pending,pending,pending,pending,pending,pending,pending,pending,pending
aio,src/app/api/aio/scans/[id]/route.ts,function,c7935fbabad300c575d309111bbfd31d716acfb3e46fe3d8d2cbfb5a5d438e4d,pending,,pending,pending,pending,pending,pending,pending,pending,pending,pending
aio,src/app/api/aio/scans/route.ts,function,cba1869516d8730556622b237537a5fc0dbbc7cf2b73a2cc5bea2021e0e289a3,pending,,pending,pending,pending,pending,pending,pending,pending,pending,pending
mensetsu,src/app/api/mensetsu/company/route.ts,function,0929916db9cd14f229ee96b43c651db61d4e8d3cdf54c006fadf5e7a9bf5f378,pending,,pending,pending,pending,pending,pending,pending,pending,pending,pending
mensetsu,src/app/api/mensetsu/compare/route.ts,function,861ed620417e50e86485abaa8159e7343d630607b9a35a3f7b3a3da5e51088a7,pending,,pending,pending,pending,pending,pending,pending,pending,pending,pending
mensetsu,src/app/api/mensetsu/invite/[token]/route.ts,function,a5887c41801fdc3dd0441692d2980f7c6caa523cbbed5910bad4162a3ded15bb,pending,,pending,pending,pending,pending,pending,pending,pending,pending,pending
mensetsu,src/app/api/mensetsu/live/[token]/feedback/route.ts,function,3952781f701f735c47832ccac565bc67808dbae2153fd971229286f1c145fa97,pending,,pending,pending,pending,pending,pending,pending,pending,pending,pending
mensetsu,src/app/api/mensetsu/live/[token]/route.ts,function,fecb08ef2d8d3172e1fad586b4a0522117d7139f0119cde7ddc812163b22dbbf,pending,,pending,pending,pending,pending,pending,pending,pending,pending,pending
mensetsu,src/app/api/mensetsu/members/route.ts,function,2a832179fe1b425593384b89ffd388a95060cb808450c107c2fdd021340fcc38,pending,,pending,pending,pending,pending,pending,pending,pending,pending,pending
mensetsu,src/app/api/mensetsu/organizations/route.ts,function,7f67d3e787a4da822a821af6f6c555ea5a872bdb59d499f0c239c6d9e9db6841,pending,,pending,pending,pending,pending,pending,pending,pending,pending,pending
mensetsu,src/app/api/mensetsu/samples/route.ts,function,7d27cb3e9d4d830502f26da2835c27db08f797db4604e666fae4052c9482e115,pending,,pending,pending,pending,pending,pending,pending,pending,pending,pending
mensetsu,src/app/api/mensetsu/sessions/[id]/hr-handoff/route.ts,function,39b1a3d174dad3e0a7db5fe737952c77275e65d14eeb3d080ee4c6f3a5d6ce7b,pending,,pending,pending,pending,pending,pending,pending,pending,pending,pending
mensetsu,src/app/api/mensetsu/sessions/[id]/pdf/route.ts,function,3f294e8007a88cb1f2e65e824a6a25078fa1d97893009f03ea7ca75f3e942fdb,pending,,pending,pending,pending,pending,pending,pending,pending,pending,pending
mensetsu,src/app/api/mensetsu/sessions/[id]/recording/route.ts,function,7c10e0d1ed066e078238a6241fdca2be5487a5877630f803a29cb77c3b249694,pending,,pending,pending,pending,pending,pending,pending,pending,pending,pending
mensetsu,src/app/api/mensetsu/sessions/[id]/route.ts,function,40195bc0e7a0d186a41e3d9bd9981de543bd4f448d2b1f040b27e6b9a68657fa,pending,,pending,pending,pending,pending,pending,pending,pending,pending,pending
mensetsu,src/app/api/mensetsu/sessions/route.ts,function,475bbd160d8abc149040c84516837a3ad819678400032265e707d2eabf5b0aba,pending,,pending,pending,pending,pending,pending,pending,pending,pending,pending
mensetsu,src/app/api/mensetsu/templates/[id]/route.ts,function,a889eec32b33f8155d75e2599a21e71690b1475209186c2e24963c97054516fe,pending,,pending,pending,pending,pending,pending,pending,pending,pending,pending
mensetsu,src/app/api/mensetsu/templates/route.ts,function,1493c53931bdd87354684c976f1b64bdb90a55abe160871a5cb7b0ce87daa746,pending,,pending,pending,pending,pending,pending,pending,pending,pending,pending
quote,src/app/api/quote/documents/[id]/pdf/route.ts,function,4943f4b0889086b167c7f72c94ad9997ae7b0f9431476125b42e4aa6bee34484,pending,,pending,pending,pending,pending,pending,pending,pending,pending,pending
quote,src/app/api/quote/documents/[id]/route.ts,function,5108068aa5d4c5d1821d3930945b20700ebd7dd31ed0beeb660c32dfdd4705e6,pending,,pending,pending,pending,pending,pending,pending,pending,pending,pending
quote,src/app/api/quote/documents/route.ts,function,852216313020aab25b8d6eb58d92032735748aa9654cf6aca00ad277c56157db,pending,,pending,pending,pending,pending,pending,pending,pending,pending,pending
quote,src/app/api/quote/invite/[token]/route.ts,function,b3bdca6c3a62849d9231f2a631d22c546922a2efc09cdc1c4b38422810ee4d20,pending,,pending,pending,pending,pending,pending,pending,pending,pending,pending
quote,src/app/api/quote/issuer/route.ts,function,726435bd80d5eafb9bdc29d0d5b88ddb31f4e34cb2af73a74f910836b97b26f1,pending,,pending,pending,pending,pending,pending,pending,pending,pending,pending
quote,src/app/api/quote/members/route.ts,function,0f05f8af9168c9de22e25c63287ebd8088c7c2ff0af63eae034c5455f1ec3fa5,pending,,pending,pending,pending,pending,pending,pending,pending,pending,pending
quote,src/app/api/quote/organizations/route.ts,function,a8fa2c43830c5c7757e46530c15fc3f56419b2fee44d71434b105fc9bf003261,pending,,pending,pending,pending,pending,pending,pending,pending,pending,pending
quote,src/app/api/quote/products/route.ts,function,8c30a9bcaa335af3e2ab8bef1d7083af32b100a778213bf3688cb8984e56b195,pending,,pending,pending,pending,pending,pending,pending,pending,pending,pending
aishodan,src/app/api/aishodan/invite/[token]/route.ts,function,ebbafe712ccb131c39b531d98b81d71ba8439d437273b78ad5c63df0872ff2e1,pending,,pending,pending,pending,pending,pending,pending,pending,pending,pending
aishodan,src/app/api/aishodan/members/route.ts,function,352fe4fa435e31cc50cb7480b0751d848230c590bacdd623619da44b9a35ef3a,pending,,pending,pending,pending,pending,pending,pending,pending,pending,pending
aishodan,src/app/api/aishodan/organizations/route.ts,function,055b95ac2edbbf687cbf4e3f6b1f78aff73433ea60a87f5920d1ee6a924889f2,pending,,pending,pending,pending,pending,pending,pending,pending,pending,pending
aishodan,src/app/api/aishodan/products/[id]/sources/route.ts,function,cfb34cdcd1449636cc17981479833f04ea06bd9b048c6bdebb0a3b5e1235940b,pending,,pending,pending,pending,pending,pending,pending,pending,pending,pending
aishodan,src/app/api/aishodan/products/route.ts,function,46cf111bf5d42f6a885369f6047ef4ac5f3fe43c90fab3eaab346cdd7045dfe7,pending,,pending,pending,pending,pending,pending,pending,pending,pending,pending
aishodan,src/app/api/aishodan/room/[token]/route.ts,function,dc0f71be9b723eabe42770c0ef77b71f9c1872c7d6444263c5abf14dd2b9a8a6,pending,,pending,pending,pending,pending,pending,pending,pending,pending,pending
aishodan,src/app/api/aishodan/rooms/route.ts,function,2e6e89c2f31ad66dc5b7028170b02f6bd1d9e42bce41f57d2091ca6490a1c3e0,pending,,pending,pending,pending,pending,pending,pending,pending,pending,pending
aishodan,src/app/api/aishodan/scenarios/[id]/route.ts,function,650bb9ed806aeab73e4564226b593fe6ca7a53fd9bcc58af23ff909ec4541b70,pending,,pending,pending,pending,pending,pending,pending,pending,pending,pending
aishodan,src/app/api/aishodan/sessions/[id]/route.ts,function,14cee1543ce725fad6de408efbe30305d7aecc70f305a757011d6580a36bab8f,pending,,pending,pending,pending,pending,pending,pending,pending,pending,pending
aishodan,src/app/api/aishodan/sessions/route.ts,function,797cdea626ee21ea62fc8ab18dbc6c9b173dbde29b81316bd93600cb153eaace,pending,,pending,pending,pending,pending,pending,pending,pending,pending,pending
aishodan,src/app/api/aishodan/stats/route.ts,function,6ad344f24abb7c45f5d3867f05a45a21735b062a343a090a78425e46ca45dcd8,pending,,pending,pending,pending,pending,pending,pending,pending,pending,pending
adimage,src/app/api/adimage/concepts/[id]/export/route.ts,function,4d1d8248509a30ba885b8ec41ce6b3564b7a9b93c41291ccdd3b32015239607e,pending,,pending,pending,pending,pending,pending,pending,pending,pending,pending
adimage,src/app/api/adimage/concepts/route.ts,function,a918df2fe6897cd2471dbec4a14a5248a609af72bfbdd0a4a84f584fd478fdbe,pending,,pending,pending,pending,pending,pending,pending,pending,pending,pending
adimage,src/app/api/adimage/design-refs/route.ts,function,51ba163023fc623b24d3fcea0f5789691ffd6278178f04e17a2a627b387de6fe,pending,,pending,pending,pending,pending,pending,pending,pending,pending,pending
adimage,src/app/api/adimage/operations/route.ts,function,90f04fcf1c020a789cfe95db4c7e5bc4c20590e9eec32094cc1ff1817e0d2ea1,pending,,pending,pending,pending,pending,pending,pending,pending,pending,pending
adimage,src/app/api/adimage/placements/route.ts,function,169ca0d3bb2cd8c3085ac08dc43e43610b7a672eab6cfc908bf94a2826a710c7,pending,,pending,pending,pending,pending,pending,pending,pending,pending,pending
seo,src/app/api/seo/article-operation/route.ts,function,a9544fca23f2dd31d68087a5b0aff8e79027a9f21d64062bc5cd2db3e7327028,integrated-private-no-store-CookieVary-tested11-including-operational429,seo-creation-recovery-api-integrated.json,anonymous401 before schema; actor-scoped recovery tested,pending,pending,pending,pending,pending,GET reads only; DELETE new missing fence and daily100 operational budget atomic; existing results still readable,pending,"commit37232b2333a7122a1e8207158c89843486004efe dpl_51MckJFQRhQJpjsNf6S5niNL6VR8 CI success READY anonymous recovery401/private,no-store/CookieVary verified; authenticated production recovery unverified"
hr,src/app/api/hr/department-operation/route.ts,function,2feabe0b4344177ea446de48f32dadf5ad73ead6d13ba043f8dfe3e4c39d8b71,local-authenticated-private-no-store-verified-not-deployed,"Actual candidate Next68/auth/Unix-only full-schema PG and operationPG74. Anonymous401/private/no-store/VaryCookie; source integrated locally, fresh full176 running.",Local actualNext68 anonymous401 and MEMBER403; operationPG74 includes live membership lock checks. Production pending.,Local actualNext68 foreign expected organization403 and operationPG74 actor/org-scoped receipts verified. Production pending.,operationPG74 malformed/duplicate query and headers rejected before writes; actualNext68 malformed POST400.,pending,"Local full settings mounted31, durable hook24, native8, transport9, types6 passed before integration. Fresh full176 pending.",pending,ActualNext68 domain and HrAuditLog rows unchanged for created and not_received GET; operationPG74 additional read-only assertions.,Actual isolated candidate Next68 passed with original53 retained plus15 durable cases; clean server/PG shutdown and folder removal. Root integrated runtime recheck pending.,Not deployed. Current HEAD757 production is prior input/concurrency cohort; new operation endpoint remains local uncommitted source.
