parent,child,field,fk,refs,optional,unique,identifying,delete
User,Account,user,['userId'],id,False,False,False,Cascade
User,Session,user,['userId'],id,False,False,False,Cascade
User,UserServiceSubscription,user,['userId'],id,False,False,False,Cascade
User,Subscription,user,['userId'],id,False,False,False,Cascade
Category,Template,category,['categoryId'],id,False,False,False,未指定
User,Generation,user,['userId'],id,False,False,False,Cascade
Template,Generation,template,['templateId'],id,True,False,False,未指定
AdminUser,AdminLoginAttempt,adminUser,['adminUserId'],id,True,False,False,Cascade
AdminUser,AdminSession,adminUser,['adminUserId'],id,False,False,False,Cascade
User,SeoArticle,user,['userId'],id,True,False,False,SetNull
User,SwipeSession,user,['userId'],id,True,False,False,SetNull
SeoArticle,SeoJob,article,['articleId'],id,False,False,False,Cascade
SeoArticle,SeoSection,article,['articleId'],id,False,False,False,Cascade
SeoJob,SeoSection,job,['jobId'],id,True,False,False,SetNull
SeoArticle,SeoReference,article,['articleId'],id,False,False,False,Cascade
SeoArticle,SeoAuditReport,article,['articleId'],id,False,False,False,Cascade
SeoJob,SeoAuditReport,job,['jobId'],id,True,False,False,SetNull
SeoArticle,SeoUserMemo,article,['articleId'],id,False,True,False,Cascade
SeoArticle,SeoImage,article,['articleId'],id,False,False,False,Cascade
SeoArticle,SeoLinkCheckResult,article,['articleId'],id,False,False,False,Cascade
User,SeoKnowledgeItem,user,['userId'],id,True,False,False,SetNull
SeoArticle,SeoKnowledgeItem,article,['articleId'],id,True,False,False,SetNull
User,InterviewProject,user,['userId'],id,True,False,False,SetNull
InterviewRecipe,InterviewProject,recipe,['recipeId'],id,True,False,False,SetNull
User,InterviewRecipe,user,['userId'],id,True,False,False,SetNull
InterviewProject,InterviewMaterial,project,['projectId'],id,False,False,False,Cascade
InterviewProject,InterviewTranscription,project,['projectId'],id,False,False,False,Cascade
InterviewMaterial,InterviewTranscription,material,['materialId'],id,True,False,False,SetNull
InterviewProject,InterviewReview,project,['projectId'],id,False,False,False,Cascade
InterviewDraft,InterviewReview,draft,['draftId'],id,True,False,False,SetNull
InterviewProject,InterviewDraft,project,['projectId'],id,False,False,False,Cascade
User,StrategyProject,user,['userId'],id,True,False,False,SetNull
DoyamanaCategory,DoyamanaImage,category,['categoryId'],id,False,False,False,未指定
DoyamanaImage,DoyamanaUsageLog,image,['imageId'],id,False,False,False,Cascade
User,TenkaiProject,user,['userId'],id,False,False,False,Cascade
TenkaiProject,TenkaiOutput,project,['projectId'],id,False,False,False,Cascade
TenkaiBrandVoice,TenkaiOutput,brandVoice,['brandVoiceId'],id,True,False,False,SetNull
User,TenkaiBrandVoice,user,['userId'],id,False,False,False,Cascade
User,TenkaiTemplate,user,['userId'],id,True,False,False,Cascade
User,TenkaiUsage,user,['userId'],id,False,False,False,Cascade
User,TenkaiApiKey,user,['userId'],id,False,False,False,Cascade
User,OpeningProject,user,['userId'],id,True,False,False,SetNull
OpeningProject,OpeningAnimation,project,['projectId'],id,False,False,False,Cascade
User,CopyBrandVoice,user,['userId'],id,False,False,False,Cascade
User,CopyProject,user,['userId'],id,True,False,False,Cascade
CopyBrandVoice,CopyProject,brandVoice,['brandVoiceId'],id,True,False,False,未指定
CopyProject,CopyItem,project,['projectId'],id,False,False,False,Cascade
User,LpProject,user,['userId'],id,False,False,False,Cascade
LpProject,LpSection,project,['projectId'],id,False,False,False,Cascade
User,VoiceProject,user,['userId'],id,False,False,False,Cascade
VoiceProject,VoiceRecording,project,['projectId'],id,False,False,False,Cascade
User,MovieProject,user,['userId'],id,True,False,False,SetNull
MovieProject,MovieScene,project,['projectId'],id,False,False,False,Cascade
MovieProject,MovieRenderJob,project,['projectId'],id,False,False,False,Cascade
User,InterviewXProject,user,['userId'],id,False,False,False,未指定
InterviewXTemplate,InterviewXProject,template,['templateId'],id,True,False,False,未指定
InterviewXProject,InterviewXQuestion,project,['projectId'],id,False,False,False,Cascade
InterviewXProject,InterviewXResponse,project,['projectId'],id,False,False,False,Cascade
InterviewXResponse,InterviewXAnswer,response,['responseId'],id,False,False,False,Cascade
InterviewXQuestion,InterviewXAnswer,question,['questionId'],id,False,False,False,未指定
InterviewXProject,InterviewXDraft,project,['projectId'],id,False,False,False,Cascade
InterviewXProject,InterviewXFeedback,project,['projectId'],id,False,False,False,Cascade
InterviewXDraft,InterviewXFeedback,draft,['draftId'],id,True,False,False,未指定
InterviewXProject,InterviewXCheck,project,['projectId'],id,False,False,False,Cascade
InterviewXDraft,InterviewXCheck,draft,['draftId'],id,False,False,False,未指定
InterviewXResponse,InterviewXChatMessage,response,['responseId'],id,False,False,False,Cascade
DripSegment,DripSequence,segment,['segmentId'],id,True,False,False,SetNull
DripSequence,DripStep,sequence,['sequenceId'],id,False,False,False,Cascade
DripTemplate,DripStep,template,['templateId'],id,True,False,False,SetNull
User,DripEnrollment,user,['userId'],id,False,False,False,Cascade
DripSequence,DripEnrollment,sequence,['sequenceId'],id,False,False,False,Cascade
DripEnrollment,DripEmailLog,enrollment,['enrollmentId'],id,False,False,False,Cascade
DripStep,DripEmailLog,step,['stepId'],id,False,False,False,Cascade
User,DripEmailLog,user,['userId'],id,False,False,False,Cascade
User,DripUnsubscribe,user,['userId'],id,False,False,False,Cascade
User,AdSimProject,user,['userId'],id,True,False,False,Cascade
User,MitsuboshiNagusamePost,user,['userId'],id,True,False,False,Cascade
MitsuboshiNagusamePost,MitsuboshiNagusameReply,post,['postId'],id,False,False,False,Cascade
User,MitsuboshiNagusameSubscription,user,['userId'],id,False,True,False,Cascade
HrOrganization,HrOrganizationMember,organization,['organizationId'],id,False,False,False,Cascade
User,HrOrganizationMember,user,['userId'],id,False,False,False,Cascade
HrOrganization,HrDepartment,organization,['organizationId'],id,False,False,False,Cascade
HrDepartment,HrDepartment,parent,['parentId'],id,True,False,False,未指定
HrOrganization,HrEmployee,organization,['organizationId'],id,False,False,False,Cascade
HrDepartment,HrEmployee,department,['departmentId'],id,True,False,False,SetNull
HrEmployee,HrEmployeeHistory,employee,['employeeId'],id,False,False,False,Cascade
HrOrganization,HrEvaluationPeriod,organization,['organizationId'],id,False,False,False,Cascade
HrEvaluationPeriod,HrEvaluation,period,['periodId'],id,False,False,False,Cascade
HrEmployee,HrEvaluation,employee,['employeeId'],id,False,False,False,Cascade
HrEmployee,HrEvaluation,evaluator,['evaluatorId'],id,True,False,False,SetNull
HrOrganization,HrOneOnOne,organization,['organizationId'],id,False,False,False,Cascade
HrEmployee,HrOneOnOne,employee,['employeeId'],id,False,False,False,Cascade
HrEmployee,HrOneOnOne,manager,['managerId'],id,False,False,False,Cascade
HrOrganization,HrInvitation,organization,['organizationId'],id,False,False,False,Cascade
HrOrganization,HrAuditLog,organization,['organizationId'],id,False,False,False,Cascade
KintaiOrganization,KintaiMember,organization,['organizationId'],id,False,False,False,Cascade
KintaiOrganization,KintaiDepartment,organization,['organizationId'],id,False,False,False,Cascade
KintaiDepartment,KintaiDepartment,parent,['parentId'],id,True,False,False,未指定
KintaiOrganization,KintaiWorkRule,organization,['organizationId'],id,False,False,False,Cascade
KintaiMember,KintaiEmployee,member,['memberId'],id,False,True,False,Cascade
KintaiDepartment,KintaiEmployee,department,['departmentId'],id,True,False,False,未指定
KintaiWorkRule,KintaiEmployee,workRule,['workRuleId'],id,True,False,False,未指定
KintaiEmployee,KintaiClockRecord,employee,['employeeId'],id,False,False,False,Cascade
KintaiEmployee,KintaiAttendance,employee,['employeeId'],id,False,False,False,Cascade
KintaiEmployee,KintaiRequest,employee,['employeeId'],id,False,False,False,Cascade
KintaiEmployee,KintaiRequest,reviewer,['reviewerId'],id,True,False,False,未指定
User,PromaneWorkspace,user,['userId'],id,False,False,False,Cascade
PromaneWorkspace,PromaneMember,workspace,['workspaceId'],id,False,False,False,Cascade
User,PromaneMember,user,['userId'],id,False,False,False,Cascade
PromaneWorkspace,PromaneClient,workspace,['workspaceId'],id,False,False,False,Cascade
PromaneWorkspace,PromaneProject,workspace,['workspaceId'],id,False,False,False,Cascade
PromaneClient,PromaneProject,client,['clientId'],id,True,False,False,SetNull
PromaneProject,PromaneTask,project,['projectId'],id,False,False,False,Cascade
PromaneTask,PromaneTask,parent,['parentId'],id,True,False,False,未指定
PromaneMember,PromaneTask,assignee,['assigneeId'],id,True,False,False,SetNull
PromaneProject,PromaneTimeEntry,project,['projectId'],id,True,False,False,SetNull
PromaneTask,PromaneTimeEntry,task,['taskId'],id,True,False,False,SetNull
PromaneMember,PromaneTimeEntry,member,['memberId'],id,False,False,False,Cascade
PromaneProject,PromaneExpense,project,['projectId'],id,False,False,False,Cascade
PromaneTask,PromaneComment,task,['taskId'],id,False,False,False,Cascade
PromaneMember,PromaneComment,member,['memberId'],id,False,False,False,Cascade
PromaneWorkspace,PromaneInvitation,workspace,['workspaceId'],id,False,False,False,Cascade
User,PromaneInvitation,invitedBy,['invitedById'],id,False,False,False,Cascade
DoyalistProject,DoyalistCompany,project,['projectId'],id,False,False,False,Cascade
DoyalistProject,DoyalistApproach,project,['projectId'],id,False,False,False,Cascade
DoyalistCompany,DoyalistApproach,company,['companyId'],id,True,False,False,SetNull
DoyaSlideProject,DoyaSlideSlide,project,['projectId'],id,False,False,False,Cascade
DoyaSlideProject,DoyaSlideAsset,project,['projectId'],id,False,False,False,Cascade
DoyaSlideSlide,DoyaSlideChatMessage,slide,['slideId'],id,False,False,False,Cascade
DoyaSlideSlide,DoyaSlideVersion,slide,['slideId'],id,False,False,False,Cascade
CunningSession,CunningRecordingLease,session,['sessionId'],id,False,True,True,Cascade
CunningSession,CunningUsageAllocation,session,['sessionId'],id,False,False,True,Cascade
CunningSession,CunningTranscript,session,['sessionId'],id,False,False,False,Cascade
CunningSession,CunningAudioWindow,session,['sessionId'],id,False,False,False,Cascade
CunningTranscript,CunningAudioWindow,transcript,['transcriptId'],id,True,True,False,Restrict
CunningSession,CunningAnswer,session,['sessionId'],id,False,False,False,Cascade
CunningTranscript,CunningAnswer,finalTranscript,['finalTranscriptId'],id,True,True,False,Cascade
CunningKnowledgeBase,CunningKnowledgeChunk,knowledgeBase,['knowledgeBaseId'],id,False,False,False,Cascade
SfaOrganization,SfaMember,organization,['organizationId'],id,False,False,False,Cascade
SfaPipeline,SfaStage,pipeline,['pipelineId'],id,False,False,False,Cascade
SfaDeal,SfaLineItem,deal,['dealId'],id,False,False,False,Cascade
ShodanOrganization,ShodanMember,organization,['organizationId'],id,False,False,False,Cascade
ShodanOrganization,ShodanCompanyProfile,organization,['organizationId'],id,False,True,False,Cascade
ShodanOrganization,ShodanPreparation,organization,['organizationId'],id,False,False,False,Cascade
AdBannerCampaign,AdBannerCreative,campaign,['campaignId'],id,False,False,False,Cascade
AioOrganization,AioMember,organization,['organizationId'],id,False,False,False,Cascade
AioOrganization,AioBrandProfile,organization,['organizationId'],id,False,True,False,Cascade
AioOrganization,AioPrompt,organization,['organizationId'],id,False,False,False,Cascade
AioOrganization,AioScan,organization,['organizationId'],id,False,False,False,Cascade
AioOrganization,AioResult,organization,['organizationId'],id,False,False,False,Cascade
AioScan,AioResult,scan,['scanId'],id,False,False,False,Cascade
AioPrompt,AioResult,prompt,['promptId'],id,False,False,False,Cascade
MensetsuOrganization,MensetsuMember,organization,['organizationId'],id,False,False,False,Cascade
MensetsuOrganization,MensetsuCompanyProfile,organization,['organizationId'],id,False,False,False,Cascade
MensetsuOrganization,MensetsuTemplate,organization,['organizationId'],id,False,False,False,Cascade
MensetsuCompanyProfile,MensetsuTemplate,profile,['profileId'],id,True,False,False,SetNull
MensetsuTemplate,MensetsuQuestion,template,['templateId'],id,False,False,False,Cascade
MensetsuQuestion,MensetsuBranch,question,['questionId'],id,False,False,False,Cascade
MensetsuTemplate,MensetsuCriterion,template,['templateId'],id,False,False,False,Cascade
MensetsuOrganization,MensetsuSession,organization,['organizationId'],id,False,False,False,Cascade
MensetsuTemplate,MensetsuSession,template,['templateId'],id,False,False,False,Cascade
MensetsuSession,MensetsuTurn,session,['sessionId'],id,False,False,False,Cascade
MensetsuSession,MensetsuScore,session,['sessionId'],id,False,False,False,Cascade
MensetsuCriterion,MensetsuScore,criterion,['criterionId'],id,False,False,False,Cascade
MensetsuOrganization,MensetsuAnswerSample,organization,['organizationId'],id,False,False,False,Cascade
QuoteOrganization,QuoteMember,organization,['organizationId'],id,False,False,False,Cascade
QuoteOrganization,QuoteIssuer,organization,['organizationId'],id,False,True,False,Cascade
QuoteOrganization,QuoteProduct,organization,['organizationId'],id,False,False,False,Cascade
QuoteOrganization,QuoteDocument,organization,['organizationId'],id,False,False,False,Cascade
QuoteProduct,QuoteDocument,product,['productId'],id,True,False,False,SetNull
QuoteDocument,QuoteLineItem,document,['documentId'],id,False,False,False,Cascade
AishodanOrganization,AishodanMember,organization,['organizationId'],id,False,False,False,Cascade
AishodanOrganization,AishodanProduct,organization,['organizationId'],id,False,False,False,Cascade
AishodanProduct,AishodanSource,product,['productId'],id,False,False,False,Cascade
AishodanProduct,AishodanChunk,product,['productId'],id,False,False,False,Cascade
AishodanSource,AishodanChunk,source,['sourceId'],id,False,False,False,Cascade
AishodanProduct,AishodanScenario,product,['productId'],id,False,False,False,Cascade
AishodanOrganization,AishodanRoom,organization,['organizationId'],id,False,False,False,Cascade
AishodanScenario,AishodanRoom,scenario,['scenarioId'],id,False,False,False,Cascade
AishodanOrganization,AishodanSession,organization,['organizationId'],id,False,False,False,Cascade
AishodanRoom,AishodanSession,room,['roomId'],id,False,False,False,Cascade
AishodanSession,AishodanTurn,session,['sessionId'],id,False,False,False,Cascade
AishodanSession,AishodanQuestion,session,['sessionId'],id,False,False,False,Cascade
AishodanTurn,AishodanQuestion,turn,['turnId'],id,True,False,False,SetNull
AishodanSession,AishodanSlotValue,session,['sessionId'],id,False,False,False,Cascade
AishodanSession,AishodanOutcome,session,['sessionId'],id,False,True,False,Cascade
AdImageBrand,AdImageCampaign,brand,['brandId'],id,False,False,False,Cascade
AdImageCampaign,AdImageConcept,campaign,['campaignId'],id,False,False,False,Cascade
AdImageConcept,AdImageCreative,concept,['conceptId'],id,False,False,False,Cascade
AdImageConcept,AdImageFeedback,concept,['conceptId'],id,False,False,False,Cascade
AdImageCreative,AdImageFeedback,creative,['creativeId'],id,True,False,False,SetNull
User,ServiceFeedback,user,['userId'],id,False,False,False,Cascade
User,FeedbackPromptState,user,['userId'],id,False,True,False,Cascade
User,PersonaProject,user,['userId'],id,False,False,False,Cascade
PersonaProject,PersonaImageJob,project,['projectId'],id,False,False,False,Cascade
User,PersonaImageUsageDay,user,['userId'],id,False,False,True,Cascade
User,PersonaUsageDay,user,['userId'],id,False,False,True,Cascade
